method,model_version,dataset,num_members,num_non_members,num_samples,roc_auc,run_id,run_url,created_at
MIA_perplexity,audio-flamingo-2-0.5B,audiocaps,1000,1000,2000,0.420889,506psrt4,https://wandb.ai/nask-di/audio-benchmark/runs/506psrt4,2026-05-24T22:37:19Z
MIA_perplexity,audio-flamingo-2-0.5B,audioset,1000,1000,2000,0.472622,7qs09h30,https://wandb.ai/nask-di/audio-benchmark/runs/7qs09h30,2026-05-24T22:37:19Z
MIA_perplexity,audio-flamingo-2-0.5B,clotho,1000,648,1648,0.5758240740740741,7efuew43,https://wandb.ai/nask-di/audio-benchmark/runs/7efuew43,2026-05-24T22:37:14Z
MIA_perplexity,audio-flamingo-2-1.5B,audiocaps,1000,1000,2000,0.423403,ejs9fpci,https://wandb.ai/nask-di/audio-benchmark/runs/ejs9fpci,2026-05-24T22:39:40Z
MIA_perplexity,audio-flamingo-2-1.5B,audioset,1000,1000,2000,0.485747,8xfcfbf9,https://wandb.ai/nask-di/audio-benchmark/runs/8xfcfbf9,2026-05-24T22:39:40Z
MIA_perplexity,audio-flamingo-2-1.5B,clotho,1000,648,1648,0.5854675925925926,ezvyq1df,https://wandb.ai/nask-di/audio-benchmark/runs/ezvyq1df,2026-05-24T22:39:14Z
MIA_perplexity,audio-flamingo-2-3B,audiocaps,1000,1000,2000,0.440092,vvclkaff,https://wandb.ai/nask-di/audio-benchmark/runs/vvclkaff,2026-05-24T23:06:47Z
MIA_perplexity,audio-flamingo-2-3B,audioset,1000,1000,2000,0.480666,b9crjzhj,https://wandb.ai/nask-di/audio-benchmark/runs/b9crjzhj,2026-05-24T23:06:48Z
MIA_perplexity,audio-flamingo-2-3B,clotho,1000,648,1648,0.6402530864197531,x0syrayl,https://wandb.ai/nask-di/audio-benchmark/runs/x0syrayl,2026-05-24T23:06:47Z
MIA_perplexity,audio-flamingo-3-hf,audiocaps,1000,1000,2000,0.718968,15in0ilq,https://wandb.ai/nask-di/audio-benchmark/runs/15in0ilq,2026-05-24T22:28:13Z
MIA_perplexity,audio-flamingo-3-hf,audioset,1000,1000,2000,0.505869,gnhu2ip5,https://wandb.ai/nask-di/audio-benchmark/runs/gnhu2ip5,2026-05-24T22:28:43Z
MIA_perplexity,audio-flamingo-3-hf,clotho,1000,648,1648,0.7632978395061728,ihkxjgm2,https://wandb.ai/nask-di/audio-benchmark/runs/ihkxjgm2,2026-05-24T22:28:20Z
min_k,audio-flamingo-2-0.5B,audiocaps,1000,1000,2000,0.416316,5pc1ue0s,https://wandb.ai/nask-di/audio-benchmark/runs/5pc1ue0s,2026-05-24T22:38:13Z
min_k,audio-flamingo-2-0.5B,audioset,1000,1000,2000,0.518621,le0zda1c,https://wandb.ai/nask-di/audio-benchmark/runs/le0zda1c,2026-05-24T22:38:46Z
min_k,audio-flamingo-2-0.5B,clotho,1000,648,1648,0.5453441358024691,wo9ts8ue,https://wandb.ai/nask-di/audio-benchmark/runs/wo9ts8ue,2026-05-24T22:38:22Z
min_k,audio-flamingo-2-1.5B,audiocaps,1000,1000,2000,0.410213,pg4hutzs,https://wandb.ai/nask-di/audio-benchmark/runs/pg4hutzs,2026-05-24T22:40:46Z
min_k,audio-flamingo-2-1.5B,audioset,1000,1000,2000,0.509619,c7o31a6t,https://wandb.ai/nask-di/audio-benchmark/runs/c7o31a6t,2026-05-24T22:40:47Z
min_k,audio-flamingo-2-1.5B,clotho,1000,648,1648,0.5681635802469136,2y76jrdo,https://wandb.ai/nask-di/audio-benchmark/runs/2y76jrdo,2026-05-24T22:40:41Z
min_k,audio-flamingo-2-3B,audiocaps,1000,1000,2000,0.424959,uc6dappd,https://wandb.ai/nask-di/audio-benchmark/runs/uc6dappd,2026-05-24T23:07:18Z
min_k,audio-flamingo-2-3B,audioset,1000,1000,2000,0.498027,59wwyq4c,https://wandb.ai/nask-di/audio-benchmark/runs/59wwyq4c,2026-05-24T23:07:22Z
min_k,audio-flamingo-2-3B,clotho,1000,648,1648,0.6073256172839506,tl8bsbq7,https://wandb.ai/nask-di/audio-benchmark/runs/tl8bsbq7,2026-05-24T23:07:20Z
min_k,audio-flamingo-3-hf,audiocaps,1000,1000,2000,0.720041,ss2oowor,https://wandb.ai/nask-di/audio-benchmark/runs/ss2oowor,2026-05-24T22:32:43Z
min_k,audio-flamingo-3-hf,audioset,1000,1000,2000,0.506494,2yqmd6dg,https://wandb.ai/nask-di/audio-benchmark/runs/2yqmd6dg,2026-05-24T22:33:18Z
min_k,audio-flamingo-3-hf,clotho,1000,648,1648,0.752266975308642,34hfmt14,https://wandb.ai/nask-di/audio-benchmark/runs/34hfmt14,2026-05-24T22:32:43Z
min_k_pp,audio-flamingo-2-0.5B,audiocaps,1000,1000,2000,0.414761,1kfbfi13,https://wandb.ai/nask-di/audio-benchmark/runs/1kfbfi13,2026-05-24T22:39:12Z
min_k_pp,audio-flamingo-2-0.5B,audioset,1000,1000,2000,0.511031,jrtm9ev3,https://wandb.ai/nask-di/audio-benchmark/runs/jrtm9ev3,2026-05-24T22:39:23Z
min_k_pp,audio-flamingo-2-0.5B,clotho,1000,648,1648,0.558033950617284,eocfouvd,https://wandb.ai/nask-di/audio-benchmark/runs/eocfouvd,2026-05-24T22:38:47Z
min_k_pp,audio-flamingo-2-1.5B,audiocaps,1000,1000,2000,0.423989,5k76z4di,https://wandb.ai/nask-di/audio-benchmark/runs/5k76z4di,2026-05-24T23:05:56Z
min_k_pp,audio-flamingo-2-1.5B,audioset,1000,1000,2000,0.516091,ymzluvj0,https://wandb.ai/nask-di/audio-benchmark/runs/ymzluvj0,2026-05-24T23:05:55Z
min_k_pp,audio-flamingo-2-1.5B,clotho,1000,648,1648,0.5690293209876544,plhy81e2,https://wandb.ai/nask-di/audio-benchmark/runs/plhy81e2,2026-05-24T23:05:52Z
min_k_pp,audio-flamingo-2-3B,audiocaps,1000,1000,2000,0.4353405,v0xeeawc,https://wandb.ai/nask-di/audio-benchmark/runs/v0xeeawc,2026-05-24T23:08:48Z
min_k_pp,audio-flamingo-2-3B,audioset,1000,1000,2000,0.494295,yz1ibu01,https://wandb.ai/nask-di/audio-benchmark/runs/yz1ibu01,2026-05-24T23:08:43Z
min_k_pp,audio-flamingo-2-3B,clotho,1000,648,1648,0.6257391975308642,ecthbtqo,https://wandb.ai/nask-di/audio-benchmark/runs/ecthbtqo,2026-05-24T23:07:55Z
min_k_pp,audio-flamingo-3-hf,audiocaps,1000,1000,2000,0.739176,h5e6npek,https://wandb.ai/nask-di/audio-benchmark/runs/h5e6npek,2026-05-24T22:33:49Z
min_k_pp,audio-flamingo-3-hf,audioset,1000,1000,2000,0.49682,a7o0iavz,https://wandb.ai/nask-di/audio-benchmark/runs/a7o0iavz,2026-05-24T22:35:41Z
min_k_pp,audio-flamingo-3-hf,clotho,1000,648,1648,0.7092422839506173,9g47gprg,https://wandb.ai/nask-di/audio-benchmark/runs/9g47gprg,2026-05-24T22:33:09Z
vl_mia_entropy,audio-flamingo-2-0.5B,audiocaps,1000,1000,2000,0.492126,q9l266m2,https://wandb.ai/nask-di/audio-benchmark/runs/q9l266m2,2026-05-24T22:39:23Z
vl_mia_entropy,audio-flamingo-2-0.5B,audioset,1000,1000,2000,0.529153,efaff185,https://wandb.ai/nask-di/audio-benchmark/runs/efaff185,2026-05-24T22:39:23Z
vl_mia_entropy,audio-flamingo-2-0.5B,clotho,1000,648,1648,0.534179012345679,dubkei3v,https://wandb.ai/nask-di/audio-benchmark/runs/dubkei3v,2026-05-24T22:39:23Z
vl_mia_entropy,audio-flamingo-2-1.5B,audiocaps,1000,1000,2000,0.494472,dqmazjc5,https://wandb.ai/nask-di/audio-benchmark/runs/dqmazjc5,2026-05-24T23:06:17Z
vl_mia_entropy,audio-flamingo-2-1.5B,audioset,1000,1000,2000,0.4782635,2w6idc1e,https://wandb.ai/nask-di/audio-benchmark/runs/2w6idc1e,2026-05-24T23:06:47Z
vl_mia_entropy,audio-flamingo-2-1.5B,clotho,1000,648,1648,0.526216049382716,ftmae6sn,https://wandb.ai/nask-di/audio-benchmark/runs/ftmae6sn,2026-05-24T23:06:25Z
vl_mia_entropy,audio-flamingo-2-3B,audiocaps,1000,1000,2000,0.522229,ib55gjuv,https://wandb.ai/nask-di/audio-benchmark/runs/ib55gjuv,2026-05-24T23:09:17Z
vl_mia_entropy,audio-flamingo-2-3B,audioset,1000,1000,2000,0.498813,5yhfrnuo,https://wandb.ai/nask-di/audio-benchmark/runs/5yhfrnuo,2026-05-24T23:09:20Z
vl_mia_entropy,audio-flamingo-2-3B,clotho,1000,648,1648,0.542020061728395,80mtd9w1,https://wandb.ai/nask-di/audio-benchmark/runs/80mtd9w1,2026-05-24T23:08:49Z
vl_mia_entropy,audio-flamingo-3-hf,audiocaps,1000,1000,2000,0.624429,n1148iem,https://wandb.ai/nask-di/audio-benchmark/runs/n1148iem,2026-05-24T22:36:53Z
vl_mia_entropy,audio-flamingo-3-hf,audioset,1000,1000,2000,0.498561,hewnpcu6,https://wandb.ai/nask-di/audio-benchmark/runs/hewnpcu6,2026-05-24T22:36:43Z
vl_mia_entropy,audio-flamingo-3-hf,clotho,1000,648,1648,0.662682098765432,zglzse8z,https://wandb.ai/nask-di/audio-benchmark/runs/zglzse8z,2026-05-24T22:36:16Z
yeom_perplexity,audio-flamingo-2-0.5B,audiocaps,1000,1000,2000,0.420889,wqyg4ba5,https://wandb.ai/nask-di/audio-benchmark/runs/wqyg4ba5,2026-05-24T22:38:18Z
yeom_perplexity,audio-flamingo-2-0.5B,audioset,1000,1000,2000,0.472622,33gx6enl,https://wandb.ai/nask-di/audio-benchmark/runs/33gx6enl,2026-05-24T22:38:22Z
yeom_perplexity,audio-flamingo-2-0.5B,clotho,1000,648,1648,0.5758240740740741,mz3arios,https://wandb.ai/nask-di/audio-benchmark/runs/mz3arios,2026-05-24T22:37:39Z
yeom_perplexity,audio-flamingo-2-1.5B,audiocaps,1000,1000,2000,0.423403,iunbzi24,https://wandb.ai/nask-di/audio-benchmark/runs/iunbzi24,2026-05-24T22:40:14Z
yeom_perplexity,audio-flamingo-2-1.5B,audioset,1000,1000,2000,0.485747,x1nhibp7,https://wandb.ai/nask-di/audio-benchmark/runs/x1nhibp7,2026-05-24T22:40:44Z
yeom_perplexity,audio-flamingo-2-1.5B,clotho,1000,648,1648,0.5854675925925926,le6gtfse,https://wandb.ai/nask-di/audio-benchmark/runs/le6gtfse,2026-05-24T22:39:40Z
yeom_perplexity,audio-flamingo-2-3B,audiocaps,1000,1000,2000,0.440092,orb8chik,https://wandb.ai/nask-di/audio-benchmark/runs/orb8chik,2026-05-24T23:06:47Z
yeom_perplexity,audio-flamingo-2-3B,audioset,1000,1000,2000,0.480666,37h1cp5e,https://wandb.ai/nask-di/audio-benchmark/runs/37h1cp5e,2026-05-24T23:06:50Z
yeom_perplexity,audio-flamingo-2-3B,clotho,1000,648,1648,0.6402530864197531,p4ffts5j,https://wandb.ai/nask-di/audio-benchmark/runs/p4ffts5j,2026-05-24T23:06:48Z
yeom_perplexity,audio-flamingo-3-hf,audiocaps,1000,1000,2000,0.718968,8nxpoa4h,https://wandb.ai/nask-di/audio-benchmark/runs/8nxpoa4h,2026-05-24T22:28:44Z
yeom_perplexity,audio-flamingo-3-hf,audioset,1000,1000,2000,0.505869,rc4yk1bs,https://wandb.ai/nask-di/audio-benchmark/runs/rc4yk1bs,2026-05-24T22:32:11Z
yeom_perplexity,audio-flamingo-3-hf,clotho,1000,648,1648,0.7632978395061728,1quebrei,https://wandb.ai/nask-di/audio-benchmark/runs/1quebrei,2026-05-24T22:28:52Z
